Abeykoon Dissanayake abeykoondissanayake@gmail.com 17000001
Abeykoon Rahula abeykoonrahula@gmail.com 17000002
Adikari Sumangala adikarisumangala@gmail.com 17000003
Ajitha Saranankara ajithasaranankara@gmail.com 17000004
Akila Abeysekera akilaabeysekera@gmail.com 17000005
Amaali Attygalle amaaliattygalle@gmail.com 17000006
Amaali Chandawimala amaalichandawimala@gmail.com 17000007
Amaali Priyantha amaalipriyantha@gmail.com 17000008
Amalie Khemadasa amaliekhemadasa@gmail.com 17000009
Amalie Paranavithana amalieparanavithana@gmail.com 17000010
Amanda Gunapala amandagunapala@gmail.com 17000011
Amanda Premadasa amandapremadasa@gmail.com 17000012
Amani Addararachchi amaniaddararachchi@gmail.com 17000013
Amani Jayasuriya amanijayasuriya@gmail.com 17000014
Amarakoon Seneviratne amarakoonseneviratne@gmail.com 17000015
Ambegoda Senanayake ambegodasenanayake@gmail.com 17000016
Amilajith Devapriya amilajithdevapriya@gmail.com 17000017
Amilajith Jayewardene amilajithjayewardene@gmail.com 17000018
Anuhas Goonesena anuhasgoonesena@gmail.com 17000019
Anupama Jayamanne anupamajayamanne@gmail.com 17000020
Anuradha Devapriya anuradhadevapriya@gmail.com 17000021
Anuradha Nandasiri anuradhanandasiri@gmail.com 17000022
Aravinda Dewasiri aravindadewasiri@gmail.com 17000023
Ariyarathna Wijetunge ariyarathnawijetunge@gmail.com 17000024
Arwinda Premadasa arwindapremadasa@gmail.com 17000025
Attanayake Saranankara attanayakesaranankara@gmail.com 17000026
Bandara Anula bandaraanula@gmail.com 17000027
Bandara Kotelawala bandarakotelawala@gmail.com 17000028
Bimali Dharmapala bimalidharmapala@gmail.com 17000029
Bimali Samaraweera bimalisamaraweera@gmail.com 17000030
Biyanka Prasanna biyankaprasanna@gmail.com 17000031
Chamari Silu chamarisilu@gmail.com 17000032
Chameera Senanayake chameerasenanayake@gmail.com 17000033
Chamila Dharsha chamiladharsha@gmail.com 17000034
Chaminda Jothipala chamindajothipala@gmail.com 17000035
Chamindi Prasanna chamindiprasanna@gmail.com 17000036
Chammi Vijaya chammivijaya@gmail.com 17000037
Chandrika Anula chandrikaanula@gmail.com 17000038
Chandrika Deraniyagala chandrikaderaniyagala@gmail.com 17000039
Chandrika Kulasinghe chandrikakulasinghe@gmail.com 17000040
Cherith Corea cherithcorea@gmail.com 17000041
Chinthaka Bandaranayake chinthakabandaranayake@gmail.com 17000042
Chiranjaya Premadasa chiranjayapremadasa@gmail.com 17000043
Danasooriya Kumarage danasooriyakumarage@gmail.com 17000044
Danasooriya Madugalle danasooriyamadugalle@gmail.com 17000045
Darshana Medhananda darshanamedhananda@gmail.com 17000046
Dasuni Ponnamperuma dasuniponnamperuma@gmail.com 17000047
Dayarathne Samaranayake dayarathnesamaranayake@gmail.com 17000048
Deshadhi Jagath deshadhijagath@gmail.com 17000049
Deshan Attygale deshanattygale@gmail.com 17000050
Deshan Dissanayake deshandissanayake@gmail.com 17000051
Deshappriya Fonseca deshappriyafonseca@gmail.com 17000052
Devika Weeraratne devikaweeraratne@gmail.com 17000053
Dewmal Weerakoon dewmalweerakoon@gmail.com 17000054
Dhananjaya Wickremanayake dhananjayawickremanayake@gmail.com 17000055
Dhanasoorya Samaraweera dhanasooryasamaraweera@gmail.com 17000056
Dhanuka Wickrema dhanukawickrema@gmail.com 17000057
Dhanushka Rathnayake dhanushkarathnayake@gmail.com 17000058
Dharani Kulasinghe dharanikulasinghe@gmail.com 17000059
Dheeravi Gamage dheeravigamage@gmail.com 17000060
Dilanka Siriwardena dilankasiriwardena@gmail.com 17000061
Dilshana Siriwardena dilshanasiriwardena@gmail.com 17000062
Dilshani Bandaranayake dilshanibandaranayake@gmail.com 17000063
Dilshani Gooneratne dilshanigooneratne@gmail.com 17000064
Dilshani Nanarama dilshaninanarama@gmail.com 17000065
Dimeshi Banda dimeshibanda@gmail.com 17000066
Dimeshi Devenampiyatissa dimeshidevenampiyatissa@gmail.com 17000067
Dimuthu Hegoda dimuthuhegoda@gmail.com 17000068
Dimuthu Wimalaratne dimuthuwimalaratne@gmail.com 17000069
Dines Dissanayake dinesdissanayake@gmail.com 17000070
Dinesha Goonewardena dineshagoonewardena@gmail.com 17000071
Dineshika Gunasekara dineshikagunasekara@gmail.com 17000072
Dineshika Kotiduwakku dineshikakotiduwakku@gmail.com 17000073
Dineshika Kumaratunga dineshikakumaratunga@gmail.com 17000074
Dinini Deraniyagala dininideraniyagala@gmail.com 17000075
Dinuli Fonseka dinulifonseka@gmail.com 17000076
Dinuli Samarakoon dinulisamarakoon@gmail.com 17000077
Dinuli Senanayake dinulisenanayake@gmail.com 17000078
Dinuli Vijaya dinulivijaya@gmail.com 17000079
Dinusha Samaraweera dinushasamaraweera@gmail.com 17000080
Dinushika Gnanananda dinushikagnanananda@gmail.com 17000081
Dinushka Walpola dinushkawalpola@gmail.com 17000082
Dulangi Bandaranaike dulangibandaranaike@gmail.com 17000083
Dulangi Nanarama dulanginanarama@gmail.com 17000084
Dulani Jayewardene dulanijayewardene@gmail.com 17000085
Dulanki Cooray dulankicooray@gmail.com 17000086
Dulanki Wimalaratne dulankiwimalaratne@gmail.com 17000087
Duleeshika Jayawickrama duleeshikajayawickrama@gmail.com 17000088
Dulmini Amarashinghe dulminiamarashinghe@gmail.com 17000089
Dulmini Khemadasa dulminikhemadasa@gmail.com 17000090
Duminda Wickremanayake dumindawickremanayake@gmail.com 17000091
Ekanayake Jayamanne ekanayakejayamanne@gmail.com 17000092
Fernando Gunasekera fernandogunasekera@gmail.com 17000093
Gayani Obeysekera gayaniobeysekera@gmail.com 17000094
Gayashan Fernando gayashanfernando@gmail.com 17000095
Gayathiri Rahula gayathirirahula@gmail.com 17000096
Gayesha Addararachchi gayeshaaddararachchi@gmail.com 17000097
Geeshani Mendis geeshanimendis@gmail.com 17000098
Geeshani Weerathunga geeshaniweerathunga@gmail.com 17000099
Geeth Anula geethanula@gmail.com 17000100
Geeth Goonewardena geethgoonewardena@gmail.com 18000101
Geeth Vikkamabahu geethvikkamabahu@gmail.com 18000102
Gihan Gajabahu gihangajabahu@gmail.com 18000103
Gunarathna Dharmagunawardhana gunarathnadharmagunawardhana@gmail.com 18000104
Gunatilleka Malewana gunatillekamalewana@gmail.com 18000105
Hamkana Priyantha hamkanapriyantha@gmail.com 18000106
Hansamal Jayamaha hansamaljayamaha@gmail.com 18000107
Hansika Sangakkara hansikasangakkara@gmail.com 18000108
Harsha Attygalle harshaattygalle@gmail.com 18000109
Harshani Gabadamudalige harshanigabadamudalige@gmail.com 18000110
Hasani Kannangara hasanikannangara@gmail.com 18000111
Hasara Ponnamperuma hasaraponnamperuma@gmail.com 18000112
Hashni Rajapaksa hashnirajapaksa@gmail.com 18000113
Hasinth Addararachchi hasinthaddararachchi@gmail.com 18000114
Hasinth Medhalankara hasinthmedhalankara@gmail.com 18000115
Hasintha Bandaranaike hasinthabandaranaike@gmail.com 18000116
Hasintha Kulasinghe hasinthakulasinghe@gmail.com 18000117
Hewawasam Goonewardena hewawasamgoonewardena@gmail.com 18000118
Himali Jothipala himalijothipala@gmail.com 18000119
Himashi Jayasena himashijayasena@gmail.com 18000120
Himashi Wimalaratne himashiwimalaratne@gmail.com 18000121
Hiranyamali Jayatilleke hiranyamalijayatilleke@gmail.com 18000122
Hiranyamali Kobbekaduwa hiranyamalikobbekaduwa@gmail.com 18000123
Hiruni Jothipala hirunijothipala@gmail.com 18000124
Hiruni Wickrema hiruniwickrema@gmail.com 18000125
Hirunika Ponnamperuma hirunikaponnamperuma@gmail.com 18000126
Igalavithana Amarasinghe igalavithanaamarasinghe@gmail.com 18000127
Imali Amarashinghe imaliamarashinghe@gmail.com 18000128
Imeshi Wickremasinghe imeshiwickremasinghe@gmail.com 18000129
Indeewari Jayawickrama indeewarijayawickrama@gmail.com 18000130
Indu Dhanapala indudhanapala@gmail.com 18000131
Indumini Ranwala induminiranwala@gmail.com 18000132
Iranthi Nandasiri iranthinandasiri@gmail.com 18000133
Iroshika Jayewardene iroshikajayewardene@gmail.com 18000134
Iroshika Wimaladharma iroshikawimaladharma@gmail.com 18000135
Irroshan Gunasekera irroshangunasekera@gmail.com 18000136
Irugalbandara Pannaseeha irugalbandarapannaseeha@gmail.com 18000137
Ishari Abeysekera ishariabeysekera@gmail.com 18000138
Ishmi Kulasinghe ishmikulasinghe@gmail.com 18000139
Isura Obeyesekere isuraobeyesekere@gmail.com 18000140
Isuru Mendis isurumendis@gmail.com 18000141
Janaka Cooray janakacooray@gmail.com 18000142
Janashantha Jayakody janashanthajayakody@gmail.com 18000143
Januka Jagath janukajagath@gmail.com 18000144
Januka Samarasinghe janukasamarasinghe@gmail.com 18000145
Januka Senarath janukasenarath@gmail.com 18000146
Jayakody Gunewardene jayakodygunewardene@gmail.com 18000147
Jayami Abeywickrama jayamiabeywickrama@gmail.com 18000148
Jayamini Kobbekaduwa jayaminikobbekaduwa@gmail.com 18000149
Jayamini Rahula jayaminirahula@gmail.com 18000150
Jayanath Illangasinghe jayanathillangasinghe@gmail.com 18000151
Jayanath Mendis jayanathmendis@gmail.com 18000152
Jayaneth Wichramasinghe jayanethwichramasinghe@gmail.com 18000153
Jayaranga Kehelgamuwa jayarangakehelgamuwa@gmail.com 18000154
Jayaranga Malinga jayarangamalinga@gmail.com 18000155
Jayasekara Obeyesekere jayasekaraobeyesekere@gmail.com 18000156
Jayasekara Tilakaratna jayasekaratilakaratna@gmail.com 18000157
Jayasinghe Attygalle jayasingheattygalle@gmail.com 18000158
Jayasinghe Samarasinghe jayasinghesamarasinghe@gmail.com 18000159
Jayasoorya Nandasiri jayasooryanandasiri@gmail.com 18000160
Jayasundara Sangakkara jayasundarasangakkara@gmail.com 18000161
Jeewani Shantha jeewanishantha@gmail.com 18000162
Jeewanthra Dharmapala jeewanthradharmapala@gmail.com 18000163
Jeewanthra Ranwala jeewanthraranwala@gmail.com 18000164
Kalani Shantha kalanishantha@gmail.com 18000165
Kapil Sirisena kapilsirisena@gmail.com 18000166
Kapila Pathiraja kapilapathiraja@gmail.com 18000167
Karalliyadda Fonseka karalliyaddafonseka@gmail.com 18000168
Karalliyadda Gunewardena karalliyaddagunewardena@gmail.com 18000169
Kariyawasam Hemantha kariyawasamhemantha@gmail.com 18000170
Karunarathna Gabadamudalige karunarathnagabadamudalige@gmail.com 18000171
Karunarathna Nanananda karunarathnananananda@gmail.com 18000172
Kasumi Paranavithana kasumiparanavithana@gmail.com 18000173
Kaushi Wipulasara kaushiwipulasara@gmail.com 18000174
Khushi Thotawatte khushithotawatte@gmail.com 18000175
Khushi Wipulasara khushiwipulasara@gmail.com 18000176
Kodikara Kalupahana kodikarakalupahana@gmail.com 18000177
Krishani Kotiduwakku krishanikotiduwakku@gmail.com 18000178
Kularathna Gunawardena kularathnagunawardena@gmail.com 18000179
Kulna Lilavati kulnalilavati@gmail.com 18000180
Kumara Cooray kumaracooray@gmail.com 18000181
Kumarasri Ranaweera kumarasriranaweera@gmail.com 18000182
Kumburuthenne Weerasekara kumburuthenneweerasekara@gmail.com 18000183
Kumudusena Gunewardena kumudusenagunewardena@gmail.com 18000184
Lakmal Gamage lakmalgamage@gmail.com 18000185
Lakmali Gunasekera lakmaligunasekera@gmail.com 18000186
Lakmini Hettige lakminihettige@gmail.com 18000187
Lakshitha Wijeratne lakshithawijeratne@gmail.com 18000188
Lalitha Dodangoda lalithadodangoda@gmail.com 18000189
Lankani Kalupahana lankanikalupahana@gmail.com 18000190
Lansakara Gamage lansakaragamage@gmail.com 18000191
Lasantha Wijemanne lasanthawijemanne@gmail.com 18000192
Lasika Anula lasikaanula@gmail.com 18000193
Lasika Priyantha lasikapriyantha@gmail.com 18000194
Leelanka Rajapaksa leelankarajapaksa@gmail.com 18000195
Lihini Wickrema lihiniwickrema@gmail.com 18000196
Liyanaarachchi Dodangoda liyanaarachchidodangoda@gmail.com 18000197
Liyanaarachchi Fernando liyanaarachchifernando@gmail.com 18000198
Lokunarangoda Niroshan lokunarangodaniroshan@gmail.com 18000199
Lokunarangoda Pathiraja lokunarangodapathiraja@gmail.com 18000200
Madampe Gunasekera madampegunasekera@gmail.com 19000201
Madampe Lilavati madampelilavati@gmail.com 19000202
Madampe Wimaladharma madampewimaladharma@gmail.com 19000203
Madeera Addararachchi madeeraaddararachchi@gmail.com 19000204
Madhavi Gunewardena madhavigunewardena@gmail.com 19000205
Madhavi Jayamaha madhavijayamaha@gmail.com 19000206
Madhubhashini Chandrasiri madhubhashinichandrasiri@gmail.com 19000207
Madhupani Edirisinghe madhupaniedirisinghe@gmail.com 19000208
Madhupani Thotawatte madhupanithotawatte@gmail.com 19000209
Madubashine Jayasuriya madubashinejayasuriya@gmail.com 19000210
Madubashine Jayawickrama madubashinejayawickrama@gmail.com 19000211
Maduka Ekanayake madukaekanayake@gmail.com 19000212
Madurawala Gunewardena madurawalagunewardena@gmail.com 19000213
Madurawala Illangasinghe madurawalaillangasinghe@gmail.com 19000214
Madurika Malewana madurikamalewana@gmail.com 19000215
Madusanka Nanarama madusankananarama@gmail.com 19000216
Madushani Jayasena madushanijayasena@gmail.com 19000217
Maduwanthi Dhanapala maduwanthidhanapala@gmail.com 19000218
Maduwanthi Dharsha maduwanthidharsha@gmail.com 19000219
Maheshika Gnanananda maheshikagnanananda@gmail.com 19000220
Maheshika Shantha maheshikashantha@gmail.com 19000221
Mahinda Kumaranatunga mahindakumaranatunga@gmail.com 19000222
Malinda Gajabahu malindagajabahu@gmail.com 19000223
Malintha Jayatilleka malinthajayatilleka@gmail.com 19000224
Malintha Suriyasena malinthasuriyasena@gmail.com 19000225
Malithi Jayatilleke malithijayatilleke@gmail.com 19000226
Maneesha Amarasekara maneeshaamarasekara@gmail.com 19000227
Maneesha Iriyagolla maneeshairiyagolla@gmail.com 19000228
Mangala Ponnamperuma mangalaponnamperuma@gmail.com 19000229
Manisha Bandaranaike manishabandaranaike@gmail.com 19000230
Manoj Jayatissa manojjayatissa@gmail.com 19000231
Manori Gnanananda manorignanananda@gmail.com 19000232
Manuja Lilavati manujalilavati@gmail.com 19000233
Marlon Dissanayake marlondissanayake@gmail.com 19000234
Marlon Dodangoda marlondodangoda@gmail.com 19000235
Marlon Ponnamperuma marlonponnamperuma@gmail.com 19000236
Mayomi Rahula mayomirahula@gmail.com 19000237
Melani Dissanayake melanidissanayake@gmail.com 19000238
Melani Herath melaniherath@gmail.com 19000239
Menuka Jayawardena menukajayawardena@gmail.com 19000240
Mihirani Kumaratunga mihiranikumaratunga@gmail.com 19000241
Miyushan Goonesekara miyushangoonesekara@gmail.com 19000242
Monika Chandawimala monikachandawimala@gmail.com 19000243
Mudannayake Gajabahu mudannayakegajabahu@gmail.com 19000244
Mudannayake Kumaranatunga mudannayakekumaranatunga@gmail.com 19000245
Nadeeja Goonesena nadeejagoonesena@gmail.com 19000246
Nadeeja Weerasinghe nadeejaweerasinghe@gmail.com 19000247
Nanayakkara Athulathmudali nanayakkaraathulathmudali@gmail.com 19000248
Navarathna Kanakeratne navarathnakanakeratne@gmail.com 19000249
Navarathna Weerakoon navarathnaweerakoon@gmail.com 19000250
Nayana Tilakaratna nayanatilakaratna@gmail.com 19000251
Nayanadini Nandasiri nayanadininandasiri@gmail.com 19000252
Nayananda Wijewardene nayanandawijewardene@gmail.com 19000253
Neja Amarasekara nejaamarasekara@gmail.com 19000254
Neja Ekanayake nejaekanayake@gmail.com 19000255
Neja Jayatilleka nejajayatilleka@gmail.com 19000256
Nelaka Senanayake nelakasenanayake@gmail.com 19000257
Nelith Senarath nelithsenarath@gmail.com 19000258
Nelum Gamage nelumgamage@gmail.com 19000259
Neranjan Jagath neranjanjagath@gmail.com 19000260
Nethaka Medhananda nethakamedhananda@gmail.com 19000261
Nethranjali Kularatne nethranjalikularatne@gmail.com 19000262
Nilaksha Ekanayake nilakshaekanayake@gmail.com 19000263
Nilantha Chandrasiri nilanthachandrasiri@gmail.com 19000264
Nilmini Dewasiri nilminidewasiri@gmail.com 19000265
Niluka Kulatunga nilukakulatunga@gmail.com 19000266
Nilusha Wimalasuriya nilushawimalasuriya@gmail.com 19000267
Nilushana Jayamaha nilushanajayamaha@gmail.com 19000268
Nimna Amaradeva nimnaamaradeva@gmail.com 19000269
Nimthaki Sumangala nimthakisumangala@gmail.com 19000270
Niranga Lankage nirangalankage@gmail.com 19000271
Niranji Nissanka niranjinissanka@gmail.com 19000272
Nirasha Gamage nirashagamage@gmail.com 19000273
Nirmal Senanayake nirmalsenanayake@gmail.com 19000274
Nisal Nandasiri nisalnandasiri@gmail.com 19000275
Nisanka Vithanage nisankavithanage@gmail.com 19000276
Nisansala Chandawimala nisansalachandawimala@gmail.com 19000277
Nishadi Ranaweera nishadiranaweera@gmail.com 19000278
Nishal Samaraweera nishalsamaraweera@gmail.com 19000279
Nishan Illangasinghe nishanillangasinghe@gmail.com 19000280
Nishshanka Dharsha nishshankadharsha@gmail.com 19000281
Nissan Gooneratne nissangooneratne@gmail.com 19000282
Niwanthi Jayasuriya niwanthijayasuriya@gmail.com 19000283
Nushan Addararachchi nushanaddararachchi@gmail.com 19000284
Nuveena Kumaranatunga nuveenakumaranatunga@gmail.com 19000285
Omeshi Dharmagunawardhana omeshidharmagunawardhana@gmail.com 19000286
Omeshi Lankage omeshilankage@gmail.com 19000287
Oshadhi Madugalle oshadhimadugalle@gmail.com 19000288
Oshadhi Walpola oshadhiwalpola@gmail.com 19000289
Padmakumara Gooneratne padmakumaragooneratne@gmail.com 19000290
Palitha Illangasinghe palithaillangasinghe@gmail.com 19000291
Pannala Dharsha pannaladharsha@gmail.com 19000292
Parami Lankage paramilankage@gmail.com 19000293
Pasan Gunasekera pasangunasekera@gmail.com 19000294
Pasan Hettige pasanhettige@gmail.com 19000295
Pavithra Kannangara pavithrakannangara@gmail.com 19000296
Pavithra Saranankara pavithrasaranankara@gmail.com 19000297
Perera Sangakkara pererasangakkara@gmail.com 19000298
Peshila Bandara peshilabandara@gmail.com 19000299
Piumi Devenampiyatissa piumidevenampiyatissa@gmail.com 19000300
Poornima Gunasekera poornimagunasekera@gmail.com 20000301
Prabath Suriyasena prabathsuriyasena@gmail.com 20000302
Prabha Kumaratunga prabhakumaratunga@gmail.com 20000303
Prabha Wickremasinghe prabhawickremasinghe@gmail.com 20000304
Prabhalini Dodangoda prabhalinidodangoda@gmail.com 20000305
Prabhalini Vithanage prabhalinivithanage@gmail.com 20000306
Prageeth Goonesena prageethgoonesena@gmail.com 20000307
Prageeth Jayaweera prageethjayaweera@gmail.com 20000308
Prageeth Silu prageethsilu@gmail.com 20000309
Pramila Prasanna pramilaprasanna@gmail.com 20000310
Pramila Wickremasinghe pramilawickremasinghe@gmail.com 20000311
Pranama Serasinghe pranamaserasinghe@gmail.com 20000312
Prasad Serasinghe prasadserasinghe@gmail.com 20000313
Prasadi Lilavati prasadililavati@gmail.com 20000314
Prasadika Samarakoon prasadikasamarakoon@gmail.com 20000315
Prasangi Jayewardene prasangijayewardene@gmail.com 20000316
Priya Gunawardena priyagunawardena@gmail.com 20000317
Priyana Gunewardene priyanagunewardene@gmail.com 20000318
Priyana Iriyagolla priyanairiyagolla@gmail.com 20000319
Priyana Jayawardene priyanajayawardene@gmail.com 20000320
Priyanka Dissanayake priyankadissanayake@gmail.com 20000321
Priyanka Pannaseeha priyankapannaseeha@gmail.com 20000322
Purnima Fernando purnimafernando@gmail.com 20000323
Purnima Vithanage purnimavithanage@gmail.com 20000324
Pushpakumara Palihapitiya pushpakumarapalihapitiya@gmail.com 20000325
Ranasingha Kotelawala ranasinghakotelawala@gmail.com 20000326
Ranawakkage Kulasinghe ranawakkagekulasinghe@gmail.com 20000327
Ranawakkage Vithanage ranawakkagevithanage@gmail.com 20000328
Ranaweera Fernando ranaweerafernando@gmail.com 20000329
Ranaweera Nissanka ranaweeranissanka@gmail.com 20000330
Randika Kumaranatunga randikakumaranatunga@gmail.com 20000331
Rangi Bandaranaike rangibandaranaike@gmail.com 20000332
Ransara Karannagoda ransarakarannagoda@gmail.com 20000333
Ranuga Dahanayake ranugadahanayake@gmail.com 20000334
Ranuga Jararatne ranugajararatne@gmail.com 20000335
Rathunga Bandaranayake rathungabandaranayake@gmail.com 20000336
Raveena Paranavithana raveenaparanavithana@gmail.com 20000337
Ravindu Pathirana ravindupathirana@gmail.com 20000338
Rodrigo Pathiraja rodrigopathiraja@gmail.com 20000339
Rohan Jagath rohanjagath@gmail.com 20000340
Rohana Siriwardena rohanasiriwardena@gmail.com 20000341
Roshen Balasuriya roshenbalasuriya@gmail.com 20000342
Rubathas Jayawardena rubathasjayawardena@gmail.com 20000343
Ruklanthi Amarashinghe ruklanthiamarashinghe@gmail.com 20000344
Rukman Premaratne rukmanpremaratne@gmail.com 20000345
Ruparathna Gajabahu ruparathnagajabahu@gmail.com 20000346
Rupasinghe Silu rupasinghesilu@gmail.com 20000347
Ruvini Pathirana ruvinipathirana@gmail.com 20000348
Ruwani Walpola ruwaniwalpola@gmail.com 20000349
Sachini Kehelgamuwa sachinikehelgamuwa@gmail.com 20000350
Samali Anula samalianula@gmail.com 20000351
Saman Serasinghe samanserasinghe@gmail.com 20000352
Samanthi Goonewardena samanthigoonewardena@gmail.com 20000353
Samanthi Jayasinghe samanthijayasinghe@gmail.com 20000354
Samanthi Obeysekera samanthiobeysekera@gmail.com 20000355
Samanthika Karunaratne samanthikakarunaratne@gmail.com 20000356
Samarakoon Kularatne samarakoonkularatne@gmail.com 20000357
Sameera Abayaratne sameeraabayaratne@gmail.com 20000358
Samindi Addararachchi samindiaddararachchi@gmail.com 20000359
Samindi Rahula samindirahula@gmail.com 20000360
Samodha Bandaranayake samodhabandaranayake@gmail.com 20000361
Sampath Weerasekara sampathweerasekara@gmail.com 20000362
Sandaruwan Madugalle sandaruwanmadugalle@gmail.com 20000363
Sandika Khemadasa sandikakhemadasa@gmail.com 20000364
Sandika Silva sandikasilva@gmail.com 20000365
Sandunmali Seneviratne sandunmaliseneviratne@gmail.com 20000366
Sanjeewa Obeyesekere sanjeewaobeyesekere@gmail.com 20000367
Sanka Bandaranaike sankabandaranaike@gmail.com 20000368
Sanuja Wimalasuriya sanujawimalasuriya@gmail.com 20000369
Sanuthi Hewavitharana sanuthihewavitharana@gmail.com 20000370
Saritha Wipulasara sarithawipulasara@gmail.com 20000371
Sarojani Kulatunga sarojanikulatunga@gmail.com 20000372
Sashika Fernando sashikafernando@gmail.com 20000373
Sashika Jayasinha sashikajayasinha@gmail.com 20000374
Sasiri Bandaranaike sasiribandaranaike@gmail.com 20000375
Sasrutha Jayatilleka sasruthajayatilleka@gmail.com 20000376
Sasrutha Weerasinghe sasruthaweerasinghe@gmail.com 20000377
Saummika Abeysekera saummikaabeysekera@gmail.com 20000378
Saumya Vikkamabahu saumyavikkamabahu@gmail.com 20000379
Saveen Wickremanayake saveenwickremanayake@gmail.com 20000380
Savin Jayasuriya savinjayasuriya@gmail.com 20000381
Senanayake Maitreya senanayakemaitreya@gmail.com 20000382
Serasinghe Vikkamabahu serasinghevikkamabahu@gmail.com 20000383
Sewwandi Deraniyagala sewwandideraniyagala@gmail.com 20000384
Sewwandi Dewasiri sewwandidewasiri@gmail.com 20000385
Shaami Jayatilleka shaamijayatilleka@gmail.com 20000386
Shakila Gunewardene shakilagunewardene@gmail.com 20000387
Shakila Peiris shakilapeiris@gmail.com 20000388
Shalika Ranaweera shalikaranaweera@gmail.com 20000389
Shanika Dahanayake shanikadahanayake@gmail.com 20000390
Shashi Perera shashiperera@gmail.com 20000391
Shashi Weerathunga shashiweerathunga@gmail.com 20000392
Shasipraba Anula shasiprabaanula@gmail.com 20000393
Shehani Attygalle shehaniattygalle@gmail.com 20000394
Sithara Weerasinghe sitharaweerasinghe@gmail.com 20000395
Solanga Kobbekaduwa solangakobbekaduwa@gmail.com 20000396
Srinika Jayaratne srinikajayaratne@gmail.com 20000397
Srinika Premadasa srinikapremadasa@gmail.com 20000398
Srinika Premaratne srinikapremaratne@gmail.com 20000399
Srinika Wijeratne srinikawijeratne@gmail.com 20000400